,Time,Censored,System,Phase2,Phase3,Component
0,27.66170570090912,False,1.0,0.0,0.0,1.0
1,4.271406503151847,False,1.0,0.0,0.0,1.0
2,32.34459612072699,False,1.0,0.0,0.0,1.0
3,2.0950763200493774,False,1.0,0.0,0.0,1.0
4,73.20372446818254,False,1.0,0.0,0.0,1.0
5,16.440107602080605,False,1.0,0.0,0.0,1.0
6,28.745994068030694,False,1.0,0.0,0.0,1.0
7,206.30087152059926,False,1.0,0.0,0.0,1.0
8,9.193199602724484,False,1.0,0.0,0.0,1.0
9,58.2171576844964,False,1.0,0.0,0.0,1.0
10,29.100149238259974,False,1.0,0.0,0.0,1.0
11,1.3669347395478675,False,1.0,0.0,0.0,1.0
12,11.059076431240868,True,1.0,0.0,0.0,1.0
13,5.610849542434557,False,1.0,1.0,0.0,1.0
14,43.11183302336312,False,1.0,1.0,0.0,1.0
15,0.5621463810153827,False,1.0,1.0,0.0,1.0
16,36.97916340846636,False,1.0,1.0,0.0,1.0
17,0.5278852644949722,False,1.0,1.0,0.0,1.0
18,35.81938594933984,False,1.0,1.0,0.0,1.0
19,24.045754335488926,False,1.0,1.0,0.0,1.0
20,6.1266385255423526,False,1.0,1.0,0.0,1.0
21,1.8871905022085425,False,1.0,1.0,0.0,1.0
22,53.214627684789036,False,1.0,1.0,0.0,1.0
23,8.617148388884111,False,1.0,1.0,0.0,1.0
24,176.0405730680024,False,1.0,1.0,0.0,1.0
25,33.116546092272436,False,1.0,1.0,0.0,1.0
26,28.16581099887776,False,1.0,1.0,0.0,1.0
27,46.17444683482023,True,1.0,1.0,0.0,1.0
28,14.749062358937323,False,1.0,1.0,1.0,1.0
29,3.2284450744244646,False,1.0,1.0,1.0,1.0
30,57.62205339183506,False,1.0,1.0,1.0,1.0
31,50.44684287663498,False,1.0,1.0,1.0,1.0
32,6.146980519596139,False,1.0,1.0,1.0,1.0
33,127.80990738261882,False,1.0,1.0,1.0,1.0
34,27.29216524412267,False,1.0,1.0,1.0,1.0
35,212.70454315183065,True,1.0,1.0,1.0,1.0
36,500.0,True,1.0,0.0,0.0,2.0
37,500.0,True,1.0,1.0,0.0,2.0
38,500.0,True,1.0,1.0,1.0,2.0
39,4.408674615530154,False,1.0,0.0,0.0,3.0
40,8.699145763463697,False,1.0,0.0,0.0,3.0
41,43.97943620541803,False,1.0,0.0,0.0,3.0
42,11.502766749128373,False,1.0,0.0,0.0,3.0
43,16.138592922180806,False,1.0,0.0,0.0,3.0
44,0.8872671187034021,False,1.0,0.0,0.0,3.0
45,3.5172277152654496,False,1.0,0.0,0.0,3.0
46,5.848284923295579,False,1.0,0.0,0.0,3.0
47,16.63485971852369,False,1.0,0.0,0.0,3.0
48,11.485602125514106,False,1.0,0.0,0.0,3.0
49,25.109206899414055,False,1.0,0.0,0.0,3.0
50,2.274423468291865,False,1.0,0.0,0.0,3.0
51,39.72584958705098,False,1.0,0.0,0.0,3.0
52,3.2548316160324084,False,1.0,0.0,0.0,3.0
53,1.977981952431088,False,1.0,0.0,0.0,3.0
54,11.1809595087311,False,1.0,0.0,0.0,3.0
55,14.38058229800679,False,1.0,0.0,0.0,3.0
56,14.642175057331679,False,1.0,0.0,0.0,3.0
57,3.1704421431859093,False,1.0,0.0,0.0,3.0
58,31.38729118343202,False,1.0,0.0,0.0,3.0
59,18.02976067011406,False,1.0,0.0,0.0,3.0
60,9.821600793386335,False,1.0,0.0,0.0,3.0
61,11.89133146114836,False,1.0,0.0,0.0,3.0
62,1.0075473809780804,False,1.0,0.0,0.0,3.0
63,21.87598743667492,False,1.0,0.0,0.0,3.0
64,0.5966085629860449,False,1.0,0.0,0.0,3.0
65,2.890457698518758,False,1.0,0.0,0.0,3.0
66,15.226386750394735,False,1.0,0.0,0.0,3.0
67,26.331772164473747,False,1.0,0.0,0.0,3.0
68,6.883835353142053,False,1.0,0.0,0.0,3.0
69,22.585655358743878,False,1.0,0.0,0.0,3.0
70,30.349467756206572,False,1.0,0.0,0.0,3.0
71,3.2095851526199493,False,1.0,0.0,0.0,3.0
72,26.973609161976704,False,1.0,0.0,0.0,3.0
73,8.345930404858136,False,1.0,0.0,0.0,3.0
74,6.812288565655264,False,1.0,0.0,0.0,3.0
75,5.738386162709417,False,1.0,0.0,0.0,3.0
76,6.681983274574983,False,1.0,0.0,0.0,3.0
77,4.5422043199070234,True,1.0,0.0,0.0,3.0
78,15.919499722498262,False,1.0,1.0,0.0,3.0
79,12.366542484949896,False,1.0,1.0,0.0,3.0
80,24.481563883449365,False,1.0,1.0,0.0,3.0
81,44.26226541033331,False,1.0,1.0,0.0,3.0
82,3.852096664845887,False,1.0,1.0,0.0,3.0
83,33.29912237845737,False,1.0,1.0,0.0,3.0
84,7.678299822601244,False,1.0,1.0,0.0,3.0
85,8.742090647031034,False,1.0,1.0,0.0,3.0
86,45.907180302125404,False,1.0,1.0,0.0,3.0
87,3.862436483796415,False,1.0,1.0,0.0,3.0
88,0.1910103753884131,False,1.0,1.0,0.0,3.0
89,16.541008930883464,False,1.0,1.0,0.0,3.0
90,16.929732902478424,False,1.0,1.0,0.0,3.0
91,9.558024191129254,False,1.0,1.0,0.0,3.0
92,15.805978352465127,False,1.0,1.0,0.0,3.0
93,12.497990073275476,False,1.0,1.0,0.0,3.0
94,32.39253085758045,False,1.0,1.0,0.0,3.0
95,7.849095979416919,False,1.0,1.0,0.0,3.0
96,13.87189320861979,False,1.0,1.0,0.0,3.0
97,23.98536886003072,False,1.0,1.0,0.0,3.0
98,6.850525949943698,False,1.0,1.0,0.0,3.0
99,2.5567232498642074,False,1.0,1.0,0.0,3.0
100,2.215149674206066,False,1.0,1.0,0.0,3.0
101,6.11434786454222,False,1.0,1.0,0.0,3.0
102,13.526702685129335,False,1.0,1.0,0.0,3.0
103,29.996702180168647,False,1.0,1.0,0.0,3.0
104,21.480342746024185,False,1.0,1.0,0.0,3.0
105,15.104515199650859,False,1.0,1.0,0.0,3.0
106,1.8203015187913199,False,1.0,1.0,0.0,3.0
107,18.199521287912575,False,1.0,1.0,0.0,3.0
108,18.959124211970124,False,1.0,1.0,0.0,3.0
109,12.341704106341812,False,1.0,1.0,0.0,3.0
110,0.840607794098803,True,1.0,1.0,0.0,3.0
111,4.001350822639629,False,1.0,1.0,1.0,3.0
112,41.34397564347638,False,1.0,1.0,1.0,3.0
113,49.12860069042365,False,1.0,1.0,1.0,3.0
114,40.58783799008686,False,1.0,1.0,1.0,3.0
115,27.8367389531606,False,1.0,1.0,1.0,3.0
116,47.5332261959373,False,1.0,1.0,1.0,3.0
117,60.23684821132314,False,1.0,1.0,1.0,3.0
118,50.392122265044286,False,1.0,1.0,1.0,3.0
119,5.951800630270612,False,1.0,1.0,1.0,3.0
120,3.533939124959516,False,1.0,1.0,1.0,3.0
121,11.494095104435278,False,1.0,1.0,1.0,3.0
122,12.905865157314194,False,1.0,1.0,1.0,3.0
123,9.528158601392967,False,1.0,1.0,1.0,3.0
124,3.733802441846904,False,1.0,1.0,1.0,3.0
125,16.72901384976169,False,1.0,1.0,1.0,3.0
126,36.78612845216772,False,1.0,1.0,1.0,3.0
127,3.40411047790135,False,1.0,1.0,1.0,3.0
128,9.753134558925856,False,1.0,1.0,1.0,3.0
129,10.876226211346214,False,1.0,1.0,1.0,3.0
130,16.822322552351267,False,1.0,1.0,1.0,3.0
131,5.28849371213244,False,1.0,1.0,1.0,3.0
132,10.745896085854358,False,1.0,1.0,1.0,3.0
133,10.641063762554948,False,1.0,1.0,1.0,3.0
134,10.745248504692887,True,1.0,1.0,1.0,3.0
135,500.0,True,1.0,0.0,0.0,4.0
136,500.0,True,1.0,1.0,0.0,4.0
137,250.99706212724104,False,1.0,1.0,1.0,4.0
138,249.00293787275905,True,1.0,1.0,1.0,4.0
139,3.96915172620488,False,1.0,0.0,0.0,5.0
140,7.936258642240828,False,1.0,0.0,0.0,5.0
141,96.95105093595218,False,1.0,0.0,0.0,5.0
142,25.956536781653337,False,1.0,0.0,0.0,5.0
143,14.151580443553884,False,1.0,0.0,0.0,5.0
144,52.965846974136824,False,1.0,0.0,0.0,5.0
145,2.09024102993377,False,1.0,0.0,0.0,5.0
146,9.908196029093157,False,1.0,0.0,0.0,5.0
147,38.1998541417921,False,1.0,0.0,0.0,5.0
148,1.7915856751463919,False,1.0,0.0,0.0,5.0
149,9.916779591134675,False,1.0,0.0,0.0,5.0
150,22.979627896973245,False,1.0,0.0,0.0,5.0
151,14.223265892358448,False,1.0,0.0,0.0,5.0
152,8.668923951691083,False,1.0,0.0,0.0,5.0
153,15.935216567011137,False,1.0,0.0,0.0,5.0
154,36.690622044681916,False,1.0,0.0,0.0,5.0
155,68.09518719144161,False,1.0,0.0,0.0,5.0
156,0.10042188706547023,False,1.0,0.0,0.0,5.0
157,23.903204401563272,False,1.0,0.0,0.0,5.0
158,31.462308208693983,False,1.0,0.0,0.0,5.0
159,6.220399290775896,False,1.0,0.0,0.0,5.0
160,7.883740696902013,True,1.0,0.0,0.0,5.0
161,1.2443205814828446,False,1.0,1.0,0.0,5.0
162,12.473772991598738,False,1.0,1.0,0.0,5.0
163,85.09287491033605,False,1.0,1.0,0.0,5.0
164,9.286921320515887,False,1.0,1.0,0.0,5.0
165,10.791009111496942,False,1.0,1.0,0.0,5.0
166,11.431569121405289,False,1.0,1.0,0.0,5.0
167,30.607802998044466,False,1.0,1.0,0.0,5.0
168,17.412914108805232,False,1.0,1.0,0.0,5.0
169,3.342036878833621,False,1.0,1.0,0.0,5.0
170,1.6841210550084118,False,1.0,1.0,0.0,5.0
171,10.841530843143373,False,1.0,1.0,0.0,5.0
172,35.899114349786366,False,1.0,1.0,0.0,5.0
173,28.139053689377473,False,1.0,1.0,0.0,5.0
174,8.72213285649502,False,1.0,1.0,0.0,5.0
175,38.004822617080194,False,1.0,1.0,0.0,5.0
176,0.09748471016386433,False,1.0,1.0,0.0,5.0
177,39.36951575294703,False,1.0,1.0,0.0,5.0
178,58.00305264717748,False,1.0,1.0,0.0,5.0
179,13.246389356171939,False,1.0,1.0,0.0,5.0
180,44.35436425491498,False,1.0,1.0,0.0,5.0
181,39.95519584521476,True,1.0,1.0,0.0,5.0
182,79.28855106968399,False,1.0,1.0,1.0,5.0
183,36.44309563688828,False,1.0,1.0,1.0,5.0
184,3.8028101680837394,False,1.0,1.0,1.0,5.0
185,4.773298555051812,False,1.0,1.0,1.0,5.0
186,3.590830850773232,False,1.0,1.0,1.0,5.0
187,12.185428010383115,False,1.0,1.0,1.0,5.0
188,40.94579129048183,False,1.0,1.0,1.0,5.0
189,5.052868922778624,False,1.0,1.0,1.0,5.0
190,63.062988782373196,False,1.0,1.0,1.0,5.0
191,17.851251330149964,False,1.0,1.0,1.0,5.0
192,47.53234429487115,False,1.0,1.0,1.0,5.0
193,12.768788482748212,False,1.0,1.0,1.0,5.0
194,2.0911243301244222,False,1.0,1.0,1.0,5.0
195,0.04328618288009041,False,1.0,1.0,1.0,5.0
196,60.24827420117104,False,1.0,1.0,1.0,5.0
197,9.375475951586722,False,1.0,1.0,1.0,5.0
198,100.94379193997051,True,1.0,1.0,1.0,5.0
199,3.4467403297073784,False,2.0,0.0,0.0,1.0
200,77.59648927835163,False,2.0,0.0,0.0,1.0
201,11.984687186470747,False,2.0,0.0,0.0,1.0
202,43.16415843529205,False,2.0,0.0,0.0,1.0
203,8.783747140906993,False,2.0,0.0,0.0,1.0
204,6.822669258423244,False,2.0,0.0,0.0,1.0
205,134.46115639591073,False,2.0,0.0,0.0,1.0
206,22.89632499610584,False,2.0,0.0,0.0,1.0
207,43.49700863749416,False,2.0,0.0,0.0,1.0
208,0.19457236051069332,False,2.0,0.0,0.0,1.0
209,14.518195502146469,False,2.0,0.0,0.0,1.0
210,55.29128169518199,False,2.0,0.0,0.0,1.0
211,77.34296878349807,True,2.0,0.0,0.0,1.0
212,9.72144450460986,False,2.0,1.0,0.0,1.0
213,44.378781579310676,False,2.0,1.0,0.0,1.0
214,61.055922537817395,False,2.0,1.0,0.0,1.0
215,78.40221314976937,False,2.0,1.0,0.0,1.0
216,35.1245252407505,False,2.0,1.0,0.0,1.0
217,115.6155415457209,False,2.0,1.0,0.0,1.0
218,81.24974757191886,False,2.0,1.0,0.0,1.0
219,14.424365495791337,False,2.0,1.0,0.0,1.0
220,0.822237894827533,False,2.0,1.0,0.0,1.0
221,41.42278553901179,False,2.0,1.0,0.0,1.0
222,17.782434940471774,True,2.0,1.0,0.0,1.0
223,178.90341075045768,False,2.0,1.0,1.0,1.0
224,69.04896637471371,False,2.0,1.0,1.0,1.0
225,57.301034504098126,False,2.0,1.0,1.0,1.0
226,19.215328981265962,False,2.0,1.0,1.0,1.0
227,16.542004046927367,False,2.0,1.0,1.0,1.0
228,65.18183187351573,False,2.0,1.0,1.0,1.0
229,30.638094118470985,False,2.0,1.0,1.0,1.0
230,27.400176787246508,False,2.0,1.0,1.0,1.0
231,12.843341068265769,False,2.0,1.0,1.0,1.0
232,3.5375590928026868,False,2.0,1.0,1.0,1.0
233,19.388252402235466,True,2.0,1.0,1.0,1.0
234,500.0,True,2.0,0.0,0.0,2.0
235,500.0,True,2.0,1.0,0.0,2.0
236,500.0,True,2.0,1.0,1.0,2.0
237,39.78688377989026,False,2.0,0.0,0.0,3.0
238,8.262850180443559,False,2.0,0.0,0.0,3.0
239,16.51930606928815,False,2.0,0.0,0.0,3.0
240,4.714570371154048,False,2.0,0.0,0.0,3.0
241,7.766771479009175,False,2.0,0.0,0.0,3.0
242,29.100120456002017,False,2.0,0.0,0.0,3.0
243,22.370350690762347,False,2.0,0.0,0.0,3.0
244,11.0806472970446,False,2.0,0.0,0.0,3.0
245,1.5338669490923542,False,2.0,0.0,0.0,3.0
246,3.5911275078475677,False,2.0,0.0,0.0,3.0
247,8.244816216968996,False,2.0,0.0,0.0,3.0
248,0.428501950593283,False,2.0,0.0,0.0,3.0
249,13.790203218016345,False,2.0,0.0,0.0,3.0
250,28.975022131350208,False,2.0,0.0,0.0,3.0
251,0.746747119179808,False,2.0,0.0,0.0,3.0
252,34.974473694298005,False,2.0,0.0,0.0,3.0
253,1.401616125326183,False,2.0,0.0,0.0,3.0
254,1.1818426502628714,False,2.0,0.0,0.0,3.0
255,16.287315121556322,False,2.0,0.0,0.0,3.0
256,11.148335099530568,False,2.0,0.0,0.0,3.0
257,5.211493757412676,False,2.0,0.0,0.0,3.0
258,9.234731508476848,False,2.0,0.0,0.0,3.0
259,0.7748426139345861,False,2.0,0.0,0.0,3.0
260,9.66756497191062,False,2.0,0.0,0.0,3.0
261,23.062547858029554,False,2.0,0.0,0.0,3.0
262,3.0402851949818284,False,2.0,0.0,0.0,3.0
263,0.12317311542851792,False,2.0,0.0,0.0,3.0
264,16.198702970190503,False,2.0,0.0,0.0,3.0
265,23.411842931952602,False,2.0,0.0,0.0,3.0
266,15.855791680498827,False,2.0,0.0,0.0,3.0
267,4.104677263613132,False,2.0,0.0,0.0,3.0
268,3.8298733174890325,False,2.0,0.0,0.0,3.0
269,12.868143100742053,False,2.0,0.0,0.0,3.0
270,17.848142679430218,False,2.0,0.0,0.0,3.0
271,15.250154510859652,False,2.0,0.0,0.0,3.0
272,15.441322883941698,False,2.0,0.0,0.0,3.0
273,18.539237113759327,False,2.0,0.0,0.0,3.0
274,11.578895895824346,False,2.0,0.0,0.0,3.0
275,10.962466674992818,False,2.0,0.0,0.0,3.0
276,8.354611237555243,False,2.0,0.0,0.0,3.0
277,4.57322473129052,False,2.0,0.0,0.0,3.0
278,8.162905880068696,True,2.0,0.0,0.0,3.0
279,14.524281300514462,False,2.0,1.0,0.0,3.0
280,7.782951065548549,False,2.0,1.0,0.0,3.0
281,14.783138572775519,False,2.0,1.0,0.0,3.0
282,10.231261904851895,False,2.0,1.0,0.0,3.0
283,8.926461780168285,False,2.0,1.0,0.0,3.0
284,24.809974455875818,False,2.0,1.0,0.0,3.0
285,4.415802203698835,False,2.0,1.0,0.0,3.0
286,56.73295037437529,False,2.0,1.0,0.0,3.0
287,9.483242540012743,False,2.0,1.0,0.0,3.0
288,15.514454616731745,False,2.0,1.0,0.0,3.0
289,25.250160707264307,False,2.0,1.0,0.0,3.0
290,11.211006824809376,False,2.0,1.0,0.0,3.0
291,2.6057505339662845,False,2.0,1.0,0.0,3.0
292,4.823236077643341,False,2.0,1.0,0.0,3.0
293,9.470786060039353,False,2.0,1.0,0.0,3.0
294,17.089793247505224,False,2.0,1.0,0.0,3.0
295,33.04366445717649,False,2.0,1.0,0.0,3.0
296,9.807243771855939,False,2.0,1.0,0.0,3.0
297,1.2516890523142155,False,2.0,1.0,0.0,3.0
298,40.86713966313879,False,2.0,1.0,0.0,3.0
299,7.5554050007713425,False,2.0,1.0,0.0,3.0
300,0.6666458428989551,False,2.0,1.0,0.0,3.0
301,13.3672572961607,False,2.0,1.0,0.0,3.0
302,0.7885784273505367,False,2.0,1.0,0.0,3.0
303,3.5637232629355533,False,2.0,1.0,0.0,3.0
304,9.326594146105917,False,2.0,1.0,0.0,3.0
305,7.736648219003895,False,2.0,1.0,0.0,3.0
306,6.135893692863469,False,2.0,1.0,0.0,3.0
307,1.785217565271787,False,2.0,1.0,0.0,3.0
308,14.995346342225734,False,2.0,1.0,0.0,3.0
309,9.027825869388208,False,2.0,1.0,0.0,3.0
310,7.510250827753331,False,2.0,1.0,0.0,3.0
311,13.844511349723264,False,2.0,1.0,0.0,3.0
312,15.80639419656471,False,2.0,1.0,0.0,3.0
313,1.813086197566705,False,2.0,1.0,0.0,3.0
314,63.451632553149494,True,2.0,1.0,0.0,3.0
315,7.487653728926223,False,2.0,1.0,1.0,3.0
316,0.48163787228133065,False,2.0,1.0,1.0,3.0
317,21.83918894378668,False,2.0,1.0,1.0,3.0
318,2.4895339744721445,False,2.0,1.0,1.0,3.0
319,78.29461608610897,False,2.0,1.0,1.0,3.0
320,21.763829586845564,False,2.0,1.0,1.0,3.0
321,24.85525747945681,False,2.0,1.0,1.0,3.0
322,18.03839106903325,False,2.0,1.0,1.0,3.0
323,24.713938904431014,False,2.0,1.0,1.0,3.0
324,3.6624548803694843,False,2.0,1.0,1.0,3.0
325,40.81729035666217,False,2.0,1.0,1.0,3.0
326,76.48753283683425,False,2.0,1.0,1.0,3.0
327,7.503732292861904,False,2.0,1.0,1.0,3.0
328,2.1395408605464445,False,2.0,1.0,1.0,3.0
329,25.749657503093328,False,2.0,1.0,1.0,3.0
330,4.234728171979091,False,2.0,1.0,1.0,3.0
331,7.487022905135604,False,2.0,1.0,1.0,3.0
332,2.147596685274229,False,2.0,1.0,1.0,3.0
333,8.550420079376996,False,2.0,1.0,1.0,3.0
334,12.785422989497214,False,2.0,1.0,1.0,3.0
335,36.095952767752095,False,2.0,1.0,1.0,3.0
336,4.411150270341327,False,2.0,1.0,1.0,3.0
337,7.434279724041962,False,2.0,1.0,1.0,3.0
338,37.61758610970544,False,2.0,1.0,1.0,3.0
339,8.590734285771225,False,2.0,1.0,1.0,3.0
340,14.320849635415161,True,2.0,1.0,1.0,3.0
341,4.438203585181402,False,2.0,0.0,0.0,4.0
342,6.590908332180199,False,2.0,0.0,0.0,4.0
343,10.10755145814735,False,2.0,0.0,0.0,4.0
344,13.043888239078523,False,2.0,0.0,0.0,4.0
345,9.239941208703346,False,2.0,0.0,0.0,4.0
346,3.574053834346358,False,2.0,0.0,0.0,4.0
347,8.459489166663733,False,2.0,0.0,0.0,4.0
348,0.6958555637375222,False,2.0,0.0,0.0,4.0
349,4.024566582393884,False,2.0,0.0,0.0,4.0
350,6.161441408367311,False,2.0,0.0,0.0,4.0
351,11.893036274503595,False,2.0,0.0,0.0,4.0
352,11.35551756399547,False,2.0,0.0,0.0,4.0
353,7.364276342882276,False,2.0,0.0,0.0,4.0
354,7.221234318089441,False,2.0,0.0,0.0,4.0
355,3.426047893163428,False,2.0,0.0,0.0,4.0
356,7.801034632784081,False,2.0,0.0,0.0,4.0
357,2.9264221092425475,False,2.0,0.0,0.0,4.0
358,10.288776190741434,False,2.0,0.0,0.0,4.0
359,2.1215459342508494,False,2.0,0.0,0.0,4.0
360,14.29934169644982,False,2.0,0.0,0.0,4.0
361,51.37697684714322,False,2.0,0.0,0.0,4.0
362,2.7111934502274386,False,2.0,0.0,0.0,4.0
363,1.8142465499361948,False,2.0,0.0,0.0,4.0
364,18.754175794709568,False,2.0,0.0,0.0,4.0
365,17.961138106911793,False,2.0,0.0,0.0,4.0
366,0.34431196268764513,False,2.0,0.0,0.0,4.0
367,0.2968991457223909,False,2.0,0.0,0.0,4.0
368,0.1762294557499244,False,2.0,0.0,0.0,4.0
369,5.4679678688791835,False,2.0,0.0,0.0,4.0
370,3.328635681146527,False,2.0,0.0,0.0,4.0
371,14.3636958954286,False,2.0,0.0,0.0,4.0
372,0.5087371355855747,False,2.0,0.0,0.0,4.0
373,9.315159592313973,False,2.0,0.0,0.0,4.0
374,1.7163044035376571,False,2.0,0.0,0.0,4.0
375,22.43578371186661,False,2.0,0.0,0.0,4.0
376,11.402827060696083,False,2.0,0.0,0.0,4.0
377,3.7949739496615806,False,2.0,0.0,0.0,4.0
378,10.135130622576442,False,2.0,0.0,0.0,4.0
379,10.606243371798483,False,2.0,0.0,0.0,4.0
380,7.767759757875931,False,2.0,0.0,0.0,4.0
381,1.6317224396839056,False,2.0,0.0,0.0,4.0
382,2.2277688594026115,False,2.0,0.0,0.0,4.0
383,2.5777311611267115,False,2.0,0.0,0.0,4.0
384,2.12756724835596,False,2.0,0.0,0.0,4.0
385,0.15351589180355577,False,2.0,0.0,0.0,4.0
386,3.579400449752827,False,2.0,0.0,0.0,4.0
387,11.036550405891402,False,2.0,0.0,0.0,4.0
388,10.713556437780532,False,2.0,0.0,0.0,4.0
389,10.523351815074378,False,2.0,0.0,0.0,4.0
390,11.365529277981192,False,2.0,0.0,0.0,4.0
391,2.491352137933064,False,2.0,0.0,0.0,4.0
392,13.205401794019755,False,2.0,0.0,0.0,4.0
393,2.308879970686437,False,2.0,0.0,0.0,4.0
394,15.400682039525924,False,2.0,0.0,0.0,4.0
395,2.9418916938194815,False,2.0,0.0,0.0,4.0
396,4.706228983094949,False,2.0,0.0,0.0,4.0
397,7.178973319165141,False,2.0,0.0,0.0,4.0
398,0.9072304845050626,False,2.0,0.0,0.0,4.0
399,1.9385268728573626,False,2.0,0.0,0.0,4.0
400,9.18892102888415,False,2.0,0.0,0.0,4.0
401,6.7360195498475,False,2.0,0.0,0.0,4.0
402,12.919005610508679,False,2.0,0.0,0.0,4.0
403,1.8403666164298575,False,2.0,0.0,0.0,4.0
404,11.409899686612833,False,2.0,0.0,0.0,4.0
405,2.598508667234271,False,2.0,0.0,0.0,4.0
406,1.9712315746072182,False,2.0,0.0,0.0,4.0
407,0.9925916300221613,False,2.0,0.0,0.0,4.0
408,6.0160716540355725,True,2.0,0.0,0.0,4.0
409,0.4461060307986475,False,2.0,1.0,0.0,4.0
410,13.479613200160856,False,2.0,1.0,0.0,4.0
411,9.223453232148831,False,2.0,1.0,0.0,4.0
412,15.8015637863342,False,2.0,1.0,0.0,4.0
413,3.9698778837344406,False,2.0,1.0,0.0,4.0
414,6.516955871682566,False,2.0,1.0,0.0,4.0
415,14.311607279220354,False,2.0,1.0,0.0,4.0
416,1.4172331815547952,False,2.0,1.0,0.0,4.0
417,21.573973396990652,False,2.0,1.0,0.0,4.0
418,3.5718914782068882,False,2.0,1.0,0.0,4.0
419,6.397368675221296,False,2.0,1.0,0.0,4.0
420,21.692423213712868,False,2.0,1.0,0.0,4.0
421,20.622142709624136,False,2.0,1.0,0.0,4.0
422,25.4697854768199,False,2.0,1.0,0.0,4.0
423,5.876551283489689,False,2.0,1.0,0.0,4.0
424,29.775691630921855,False,2.0,1.0,0.0,4.0
425,4.5586045000513105,False,2.0,1.0,0.0,4.0
426,29.913898046970886,False,2.0,1.0,0.0,4.0
427,12.339417888752813,False,2.0,1.0,0.0,4.0
428,8.914337429599263,False,2.0,1.0,0.0,4.0
429,6.3396845956409615,False,2.0,1.0,0.0,4.0
430,1.5174431945511782,False,2.0,1.0,0.0,4.0
431,5.091024765738559,False,2.0,1.0,0.0,4.0
432,7.432903269205982,False,2.0,1.0,0.0,4.0
433,1.064445282639249,False,2.0,1.0,0.0,4.0
434,3.8344034851151907,False,2.0,1.0,0.0,4.0
435,29.786495892937182,False,2.0,1.0,0.0,4.0
436,0.9164733375397409,False,2.0,1.0,0.0,4.0
437,9.343328747105124,False,2.0,1.0,0.0,4.0
438,26.72481364237208,False,2.0,1.0,0.0,4.0
439,27.050257540275016,False,2.0,1.0,0.0,4.0
440,0.8125008179968701,False,2.0,1.0,0.0,4.0
441,0.8477891842002341,False,2.0,1.0,0.0,4.0
442,33.804971963479026,False,2.0,1.0,0.0,4.0
443,2.404403978867997,False,2.0,1.0,0.0,4.0
444,6.02262236474254,False,2.0,1.0,0.0,4.0
445,1.16958758094455,False,2.0,1.0,0.0,4.0
446,13.323645822582888,False,2.0,1.0,0.0,4.0
447,5.613720439072882,False,2.0,1.0,0.0,4.0
448,3.4773659091905462,False,2.0,1.0,0.0,4.0
449,5.356414190265771,False,2.0,1.0,0.0,4.0
450,7.409749889480469,False,2.0,1.0,0.0,4.0
451,20.75576990077376,False,2.0,1.0,0.0,4.0
452,17.34288802820091,False,2.0,1.0,0.0,4.0
453,6.684799981084996,True,2.0,1.0,0.0,4.0
454,8.993389052939984,False,2.0,1.0,1.0,4.0
455,8.365926028422779,False,2.0,1.0,1.0,4.0
456,53.36844028279523,False,2.0,1.0,1.0,4.0
457,0.26907885996593645,False,2.0,1.0,1.0,4.0
458,17.422774949662198,False,2.0,1.0,1.0,4.0
459,12.43576489208513,False,2.0,1.0,1.0,4.0
460,19.792185269230192,False,2.0,1.0,1.0,4.0
461,4.449333804053298,False,2.0,1.0,1.0,4.0
462,5.355688045595522,False,2.0,1.0,1.0,4.0
463,4.874802198615473,False,2.0,1.0,1.0,4.0
464,4.431235826265172,False,2.0,1.0,1.0,4.0
465,29.726159087986243,False,2.0,1.0,1.0,4.0
466,51.43789793600942,False,2.0,1.0,1.0,4.0
467,6.049222070456038,False,2.0,1.0,1.0,4.0
468,42.12348534599033,False,2.0,1.0,1.0,4.0
469,1.8846261504793145,False,2.0,1.0,1.0,4.0
470,54.73889914547929,False,2.0,1.0,1.0,4.0
471,8.672065427668969,False,2.0,1.0,1.0,4.0
472,6.137453908398038,False,2.0,1.0,1.0,4.0
473,13.338975000276323,False,2.0,1.0,1.0,4.0
474,11.516220215463004,False,2.0,1.0,1.0,4.0
475,19.85530790046607,False,2.0,1.0,1.0,4.0
476,5.281017816209564,False,2.0,1.0,1.0,4.0
477,10.76383103976615,False,2.0,1.0,1.0,4.0
478,3.501745026001464,False,2.0,1.0,1.0,4.0
479,0.6411051337400993,False,2.0,1.0,1.0,4.0
480,16.688801459471343,False,2.0,1.0,1.0,4.0
481,0.8733425118228694,False,2.0,1.0,1.0,4.0
482,2.1822604014583553,False,2.0,1.0,1.0,4.0
483,14.806407621786636,False,2.0,1.0,1.0,4.0
484,27.057417825530855,False,2.0,1.0,1.0,4.0
485,7.904428029667435,False,2.0,1.0,1.0,4.0
486,2.819254046883852,False,2.0,1.0,1.0,4.0
487,7.196369019310546,False,2.0,1.0,1.0,4.0
488,11.11248066403487,False,2.0,1.0,1.0,4.0
489,3.932608006012062,True,2.0,1.0,1.0,4.0
490,8.408905129373279,False,2.0,0.0,0.0,5.0
491,22.285359612531998,False,2.0,0.0,0.0,5.0
492,3.3976606015342203,False,2.0,0.0,0.0,5.0
493,30.58763935989448,False,2.0,0.0,0.0,5.0
494,12.246923363094261,False,2.0,0.0,0.0,5.0
495,8.790870724140389,False,2.0,0.0,0.0,5.0
496,6.631763301068122,False,2.0,0.0,0.0,5.0
497,11.814171090723733,False,2.0,0.0,0.0,5.0
498,19.30395602868257,False,2.0,0.0,0.0,5.0
499,0.6659346342244411,False,2.0,0.0,0.0,5.0
500,33.93033319481859,False,2.0,0.0,0.0,5.0
501,156.13623733274318,False,2.0,0.0,0.0,5.0
502,19.32592350305757,False,2.0,0.0,0.0,5.0
503,8.04575622370704,False,2.0,0.0,0.0,5.0
504,8.624194015029786,False,2.0,0.0,0.0,5.0
505,18.51098595404279,False,2.0,0.0,0.0,5.0
506,10.919608131396405,False,2.0,0.0,0.0,5.0
507,0.25553434295335936,False,2.0,0.0,0.0,5.0
508,15.191904403235213,False,2.0,0.0,0.0,5.0
509,45.15846523288437,False,2.0,0.0,0.0,5.0
510,4.411570957913808,False,2.0,0.0,0.0,5.0
511,39.50408120925742,False,2.0,0.0,0.0,5.0
512,15.852221653693018,True,2.0,0.0,0.0,5.0
513,26.58459601243545,False,2.0,1.0,0.0,5.0
514,12.739640126112375,False,2.0,1.0,0.0,5.0
515,12.95539382773733,False,2.0,1.0,0.0,5.0
516,8.59073056555833,False,2.0,1.0,0.0,5.0
517,16.213613576413433,False,2.0,1.0,0.0,5.0
518,72.78690917544347,False,2.0,1.0,0.0,5.0
519,25.905492671786394,False,2.0,1.0,0.0,5.0
520,32.10104392245087,False,2.0,1.0,0.0,5.0
521,28.940943952687235,False,2.0,1.0,0.0,5.0
522,4.126824512939335,False,2.0,1.0,0.0,5.0
523,30.943125619582066,False,2.0,1.0,0.0,5.0
524,167.93617951641784,False,2.0,1.0,0.0,5.0
525,30.495040204287072,False,2.0,1.0,0.0,5.0
526,20.211184449788238,False,2.0,1.0,0.0,5.0
527,9.469281866360621,True,2.0,1.0,0.0,5.0
528,27.601622765273447,False,2.0,1.0,1.0,5.0
529,35.11692608893296,False,2.0,1.0,1.0,5.0
530,41.58772376728084,False,2.0,1.0,1.0,5.0
531,26.115798090986388,False,2.0,1.0,1.0,5.0
532,113.70708122112474,False,2.0,1.0,1.0,5.0
533,2.386241375091291,False,2.0,1.0,1.0,5.0
534,7.809403534467749,False,2.0,1.0,1.0,5.0
535,61.63101428339947,False,2.0,1.0,1.0,5.0
536,33.03560394304081,False,2.0,1.0,1.0,5.0
537,30.01075346325286,False,2.0,1.0,1.0,5.0
538,6.140439781327379,False,2.0,1.0,1.0,5.0
539,114.85739168582204,True,2.0,1.0,1.0,5.0
540,17.428430783433768,False,3.0,0.0,0.0,1.0
541,15.250503395404236,False,3.0,0.0,0.0,1.0
542,19.04501554704124,False,3.0,0.0,0.0,1.0
543,114.64456026427266,False,3.0,0.0,0.0,1.0
544,74.95562801887182,False,3.0,0.0,0.0,1.0
545,44.54370584891561,False,3.0,0.0,0.0,1.0
546,40.356778532473534,False,3.0,0.0,0.0,1.0
547,28.527949923947943,False,3.0,0.0,0.0,1.0
548,29.235344750723552,False,3.0,0.0,0.0,1.0
549,73.02231344498996,False,3.0,0.0,0.0,1.0
550,42.989769489925735,True,3.0,0.0,0.0,1.0
551,67.25345920006727,False,3.0,1.0,0.0,1.0
552,12.813211171695798,False,3.0,1.0,0.0,1.0
553,248.8386634989358,False,3.0,1.0,0.0,1.0
554,59.579335796749476,False,3.0,1.0,0.0,1.0
555,21.997203984075533,False,3.0,1.0,0.0,1.0
556,22.787211238830558,False,3.0,1.0,0.0,1.0
557,6.547266755334859,False,3.0,1.0,0.0,1.0
558,3.2631852567471555,False,3.0,1.0,0.0,1.0
559,47.471367657355465,False,3.0,1.0,0.0,1.0
560,9.449095440208012,True,3.0,1.0,0.0,1.0
561,122.20706528147426,False,3.0,1.0,1.0,1.0
562,75.54671966810757,False,3.0,1.0,1.0,1.0
563,32.076256110836646,False,3.0,1.0,1.0,1.0
564,50.063176871881566,False,3.0,1.0,1.0,1.0
565,59.97737324556067,False,3.0,1.0,1.0,1.0
566,55.96837138883156,False,3.0,1.0,1.0,1.0
567,13.418877995812418,False,3.0,1.0,1.0,1.0
568,31.302766909122276,False,3.0,1.0,1.0,1.0
569,59.43939252837308,True,3.0,1.0,1.0,1.0
570,500.0,True,3.0,0.0,0.0,2.0
571,500.0,True,3.0,1.0,0.0,2.0
572,500.0,True,3.0,1.0,1.0,2.0
573,8.877771538378882,False,3.0,0.0,0.0,3.0
574,3.0109787956799416,False,3.0,0.0,0.0,3.0
575,3.1130867735887198,False,3.0,0.0,0.0,3.0
576,2.6738029446215865,False,3.0,0.0,0.0,3.0
577,14.036022238038136,False,3.0,0.0,0.0,3.0
578,7.190302952621282,False,3.0,0.0,0.0,3.0
579,27.204904965062198,False,3.0,0.0,0.0,3.0
580,11.137782261435055,False,3.0,0.0,0.0,3.0
581,15.972505420775478,False,3.0,0.0,0.0,3.0
582,18.14273328910806,False,3.0,0.0,0.0,3.0
583,11.875059949657523,False,3.0,0.0,0.0,3.0
584,2.160749476903368,False,3.0,0.0,0.0,3.0
585,55.90838602754927,False,3.0,0.0,0.0,3.0
586,7.7457918831527515,False,3.0,0.0,0.0,3.0
587,2.7749617638927893,False,3.0,0.0,0.0,3.0
588,12.268851591063001,False,3.0,0.0,0.0,3.0
589,28.418366878763734,False,3.0,0.0,0.0,3.0
590,0.5050781438126039,False,3.0,0.0,0.0,3.0
591,1.1039490950932929,False,3.0,0.0,0.0,3.0
592,10.70624168262643,False,3.0,0.0,0.0,3.0
593,3.901852903972344,False,3.0,0.0,0.0,3.0
594,26.352812003177064,False,3.0,0.0,0.0,3.0
595,0.7529408777681924,False,3.0,0.0,0.0,3.0
596,9.96880355283169,False,3.0,0.0,0.0,3.0
597,21.32463226283848,False,3.0,0.0,0.0,3.0
598,6.993366179427465,False,3.0,0.0,0.0,3.0
599,11.30149178879428,False,3.0,0.0,0.0,3.0
600,1.4607958532943073,False,3.0,0.0,0.0,3.0
601,4.22288872332134,False,3.0,0.0,0.0,3.0
602,1.020104183230783,False,3.0,0.0,0.0,3.0
603,6.169347035536533,False,3.0,0.0,0.0,3.0
604,3.8714553674519743,False,3.0,0.0,0.0,3.0
605,9.657995053878519,False,3.0,0.0,0.0,3.0
606,3.174223633131539,False,3.0,0.0,0.0,3.0
607,0.13325129556118231,False,3.0,0.0,0.0,3.0
608,8.15753700364372,False,3.0,0.0,0.0,3.0
609,26.88498763575325,False,3.0,0.0,0.0,3.0
610,2.860119501356122,False,3.0,0.0,0.0,3.0
611,30.626138722010545,False,3.0,0.0,0.0,3.0
612,9.256624802410654,False,3.0,0.0,0.0,3.0
613,3.8204233716470606,False,3.0,0.0,0.0,3.0
614,0.10950087042816366,False,3.0,0.0,0.0,3.0
615,26.97864513402825,False,3.0,0.0,0.0,3.0
616,8.817168133619068,False,3.0,0.0,0.0,3.0
617,15.468663543465803,False,3.0,0.0,0.0,3.0
618,11.886902895597576,True,3.0,0.0,0.0,3.0
619,78.71555951576774,False,3.0,1.0,0.0,3.0
620,33.037681354969266,False,3.0,1.0,0.0,3.0
621,18.89810076493219,False,3.0,1.0,0.0,3.0
622,13.11471028146431,False,3.0,1.0,0.0,3.0
623,33.400697527923654,False,3.0,1.0,0.0,3.0
624,4.521515130090181,False,3.0,1.0,0.0,3.0
625,20.717535247007362,False,3.0,1.0,0.0,3.0
626,29.818772810820573,False,3.0,1.0,0.0,3.0
627,9.118126550610011,False,3.0,1.0,0.0,3.0
628,0.9684861890736988,False,3.0,1.0,0.0,3.0
629,37.68845068680119,False,3.0,1.0,0.0,3.0
630,7.0983958699817435,False,3.0,1.0,0.0,3.0
631,1.641845921696014,False,3.0,1.0,0.0,3.0
632,28.576097850465388,False,3.0,1.0,0.0,3.0
633,0.8470353594109197,False,3.0,1.0,0.0,3.0
634,10.68059700170158,False,3.0,1.0,0.0,3.0
635,13.611681935608495,False,3.0,1.0,0.0,3.0
636,14.693028625848502,False,3.0,1.0,0.0,3.0
637,16.07691285518167,False,3.0,1.0,0.0,3.0
638,3.638812794217687,False,3.0,1.0,0.0,3.0
639,1.2482123894308528,False,3.0,1.0,0.0,3.0
640,15.809002449362666,False,3.0,1.0,0.0,3.0
641,8.959757579415966,False,3.0,1.0,0.0,3.0
642,37.373841277541516,False,3.0,1.0,0.0,3.0
643,0.5433245522878238,False,3.0,1.0,0.0,3.0
644,6.605040766560298,False,3.0,1.0,0.0,3.0
645,31.659942835553178,False,3.0,1.0,0.0,3.0
646,15.431885096401714,False,3.0,1.0,0.0,3.0
647,5.504948779873775,True,3.0,1.0,0.0,3.0
648,42.80364298879535,False,3.0,1.0,1.0,3.0
649,4.596390511270338,False,3.0,1.0,1.0,3.0
650,28.78154661722899,False,3.0,1.0,1.0,3.0
651,11.924403643758087,False,3.0,1.0,1.0,3.0
652,62.997101561348146,False,3.0,1.0,1.0,3.0
653,3.552490862092106,False,3.0,1.0,1.0,3.0
654,27.674472003089786,False,3.0,1.0,1.0,3.0
655,11.042671994954627,False,3.0,1.0,1.0,3.0
656,2.533929055198599,False,3.0,1.0,1.0,3.0
657,13.795268990994934,False,3.0,1.0,1.0,3.0
658,23.7342088142611,False,3.0,1.0,1.0,3.0
659,6.553631046535898,False,3.0,1.0,1.0,3.0
660,11.470852948515512,False,3.0,1.0,1.0,3.0
661,1.3217647141038813,False,3.0,1.0,1.0,3.0
662,45.274321011511134,False,3.0,1.0,1.0,3.0
663,2.123624616477135,False,3.0,1.0,1.0,3.0
664,27.459053143772305,False,3.0,1.0,1.0,3.0
665,25.268398444936157,False,3.0,1.0,1.0,3.0
666,20.779141958123265,False,3.0,1.0,1.0,3.0
667,8.831560711124787,False,3.0,1.0,1.0,3.0
668,48.577369522268995,False,3.0,1.0,1.0,3.0
669,15.29328198550188,False,3.0,1.0,1.0,3.0
670,10.154920233401699,False,3.0,1.0,1.0,3.0
671,22.71809655162485,False,3.0,1.0,1.0,3.0
672,14.018096575038955,False,3.0,1.0,1.0,3.0
673,6.719759494071475,True,3.0,1.0,1.0,3.0
674,500.0,True,3.0,0.0,0.0,4.0
675,500.0,True,3.0,1.0,0.0,4.0
676,500.0,True,3.0,1.0,1.0,4.0
677,15.391145789558195,False,3.0,0.0,0.0,5.0
678,30.117795713283797,False,3.0,0.0,0.0,5.0
679,21.12119944770765,False,3.0,0.0,0.0,5.0
680,52.30334259895342,False,3.0,0.0,0.0,5.0
681,33.27920519014141,False,3.0,0.0,0.0,5.0
682,1.0017724413566438,False,3.0,0.0,0.0,5.0
683,12.31793418693346,False,3.0,0.0,0.0,5.0
684,2.9807302199361003,False,3.0,0.0,0.0,5.0
685,30.28911641219278,False,3.0,0.0,0.0,5.0
686,9.08902956247222,False,3.0,0.0,0.0,5.0
687,3.5211170464037145,False,3.0,0.0,0.0,5.0
688,3.9708019121729166,False,3.0,0.0,0.0,5.0
689,17.07788665546198,False,3.0,0.0,0.0,5.0
690,98.48134399240804,False,3.0,0.0,0.0,5.0
691,117.17411543525103,False,3.0,0.0,0.0,5.0
692,10.651204853497697,False,3.0,0.0,0.0,5.0
693,4.334662176072587,False,3.0,0.0,0.0,5.0
694,30.933846118731996,False,3.0,0.0,0.0,5.0
695,5.963750247464347,True,3.0,0.0,0.0,5.0
696,32.01356533142617,False,3.0,1.0,0.0,5.0
697,9.720825647117465,False,3.0,1.0,0.0,5.0
698,63.43817113673353,False,3.0,1.0,0.0,5.0
699,5.476867996706143,False,3.0,1.0,0.0,5.0
700,3.894947934316405,False,3.0,1.0,0.0,5.0
701,46.69201857621804,False,3.0,1.0,0.0,5.0
702,13.081237945267182,False,3.0,1.0,0.0,5.0
703,20.408861528428886,False,3.0,1.0,0.0,5.0
704,82.23881370338738,False,3.0,1.0,0.0,5.0
705,1.4009955353721726,False,3.0,1.0,0.0,5.0
706,13.775767934936637,False,3.0,1.0,0.0,5.0
707,58.76055166383919,False,3.0,1.0,0.0,5.0
708,9.83589239170738,False,3.0,1.0,0.0,5.0
709,3.695456843888396,False,3.0,1.0,0.0,5.0
710,0.12239301114923276,False,3.0,1.0,0.0,5.0
711,28.662773057581575,False,3.0,1.0,0.0,5.0
712,6.469019358128491,False,3.0,1.0,0.0,5.0
713,27.53901641586381,False,3.0,1.0,0.0,5.0
714,72.77282398793183,True,3.0,1.0,0.0,5.0
715,67.92207066816563,False,3.0,1.0,1.0,5.0
716,22.24152852792731,False,3.0,1.0,1.0,5.0
717,66.73964888681482,False,3.0,1.0,1.0,5.0
718,11.071574053393931,False,3.0,1.0,1.0,5.0
719,22.41337206703139,False,3.0,1.0,1.0,5.0
720,13.606708497098293,False,3.0,1.0,1.0,5.0
721,3.1391863434671308,False,3.0,1.0,1.0,5.0
722,23.815295528045098,False,3.0,1.0,1.0,5.0
723,9.247420891313828,False,3.0,1.0,1.0,5.0
724,13.937968851973114,False,3.0,1.0,1.0,5.0
725,3.781378012289892,False,3.0,1.0,1.0,5.0
726,30.219142753579376,False,3.0,1.0,1.0,5.0
727,0.5606226445453805,False,3.0,1.0,1.0,5.0
728,28.181776908132193,False,3.0,1.0,1.0,5.0
729,75.70597403388008,False,3.0,1.0,1.0,5.0
730,0.7196357312352162,False,3.0,1.0,1.0,5.0
731,12.744906103092523,False,3.0,1.0,1.0,5.0
732,0.5770026905945177,False,3.0,1.0,1.0,5.0
733,6.495220591284166,False,3.0,1.0,1.0,5.0
734,2.7270403777250265,False,3.0,1.0,1.0,5.0
735,84.15252583841112,True,3.0,1.0,1.0,5.0
736,13.44344536515326,False,4.0,0.0,0.0,1.0
737,59.2171628937075,False,4.0,0.0,0.0,1.0
738,5.791771440859685,False,4.0,0.0,0.0,1.0
739,21.826073188985543,False,4.0,0.0,0.0,1.0
740,0.46034803480136066,False,4.0,0.0,0.0,1.0
741,50.65016913660244,False,4.0,0.0,0.0,1.0
742,5.724036068624015,False,4.0,0.0,0.0,1.0
743,3.9500571055406604,False,4.0,0.0,0.0,1.0
744,126.28101371878371,False,4.0,0.0,0.0,1.0
745,156.33177319868904,False,4.0,0.0,0.0,1.0
746,13.516168258893092,False,4.0,0.0,0.0,1.0
747,14.639280782385693,False,4.0,0.0,0.0,1.0
748,28.168700806973945,True,4.0,0.0,0.0,1.0
749,3.7231148837042753,False,4.0,1.0,0.0,1.0
750,156.2451884248892,False,4.0,1.0,0.0,1.0
751,116.17868654449433,False,4.0,1.0,0.0,1.0
752,13.977950822776918,False,4.0,1.0,0.0,1.0
753,10.65995894211909,False,4.0,1.0,0.0,1.0
754,2.0462402393413535,False,4.0,1.0,0.0,1.0
755,197.16886014267493,True,4.0,1.0,0.0,1.0
756,210.87516948851646,False,4.0,1.0,1.0,1.0
757,3.7604272698413372,False,4.0,1.0,1.0,1.0
758,8.538257866745893,False,4.0,1.0,1.0,1.0
759,10.631239327922566,False,4.0,1.0,1.0,1.0
760,196.08344843209017,False,4.0,1.0,1.0,1.0
761,70.11145761488365,True,4.0,1.0,1.0,1.0
762,29.508344046072676,False,4.0,0.0,0.0,2.0
763,84.05467530256865,False,4.0,0.0,0.0,2.0
764,9.345094462258936,False,4.0,0.0,0.0,2.0
765,29.77946754320525,False,4.0,0.0,0.0,2.0
766,110.7227248713389,False,4.0,0.0,0.0,2.0
767,42.470487274171354,False,4.0,0.0,0.0,2.0
768,113.94769021798282,False,4.0,0.0,0.0,2.0
769,80.17151628240134,True,4.0,0.0,0.0,2.0
770,368.0907534650959,False,4.0,1.0,0.0,2.0
771,28.491050169524595,False,4.0,1.0,0.0,2.0
772,103.41819636537949,True,4.0,1.0,0.0,2.0
773,389.2212605285311,False,4.0,1.0,1.0,2.0
774,110.7787394714689,True,4.0,1.0,1.0,2.0
775,21.848968997595296,False,4.0,0.0,0.0,3.0
776,9.778836621351816,False,4.0,0.0,0.0,3.0
777,5.504004188100252,False,4.0,0.0,0.0,3.0
778,1.1793924172636983,False,4.0,0.0,0.0,3.0
779,0.3723705101453581,False,4.0,0.0,0.0,3.0
780,11.461356282376071,False,4.0,0.0,0.0,3.0
781,1.709186887853288,False,4.0,0.0,0.0,3.0
782,0.3864696711950295,False,4.0,0.0,0.0,3.0
783,3.661597503543144,False,4.0,0.0,0.0,3.0
784,1.3699621306928986,False,4.0,0.0,0.0,3.0
785,4.797562347488889,False,4.0,0.0,0.0,3.0
786,35.12685044819818,False,4.0,0.0,0.0,3.0
787,3.093281061512145,False,4.0,0.0,0.0,3.0
788,1.0548999741528462,False,4.0,0.0,0.0,3.0
789,1.6518595222057766,False,4.0,0.0,0.0,3.0
790,18.926956237211552,False,4.0,0.0,0.0,3.0
791,12.431208133521954,False,4.0,0.0,0.0,3.0
792,5.212467481053245,False,4.0,0.0,0.0,3.0
793,1.9719970400878997,False,4.0,0.0,0.0,3.0
794,8.33945923092645,False,4.0,0.0,0.0,3.0
795,18.922184536507956,False,4.0,0.0,0.0,3.0
796,7.478225427754084,False,4.0,0.0,0.0,3.0
797,0.4083888225786222,False,4.0,0.0,0.0,3.0
798,6.849859732734805,False,4.0,0.0,0.0,3.0
799,28.271066250366722,False,4.0,0.0,0.0,3.0
800,1.5948323217679752,False,4.0,0.0,0.0,3.0
801,6.833905620788779,False,4.0,0.0,0.0,3.0
802,0.5594247836292929,False,4.0,0.0,0.0,3.0
803,11.769453015504974,False,4.0,0.0,0.0,3.0
804,5.466865917488343,False,4.0,0.0,0.0,3.0
805,1.4808037421936817,False,4.0,0.0,0.0,3.0
806,13.942612420023003,False,4.0,0.0,0.0,3.0
807,9.60941380586118,False,4.0,0.0,0.0,3.0
808,3.3894237070977877,False,4.0,0.0,0.0,3.0
809,26.606301461541378,False,4.0,0.0,0.0,3.0
810,3.484842411317164,False,4.0,0.0,0.0,3.0
811,4.428892566725696,False,4.0,0.0,0.0,3.0
812,0.4369705705346866,False,4.0,0.0,0.0,3.0
813,11.121138150409685,False,4.0,0.0,0.0,3.0
814,4.5977688006343005,False,4.0,0.0,0.0,3.0
815,13.497682411663941,False,4.0,0.0,0.0,3.0
816,2.5596048407465712,False,4.0,0.0,0.0,3.0
817,2.585971242463331,False,4.0,0.0,0.0,3.0
818,5.364660030357139,False,4.0,0.0,0.0,3.0
819,3.0418840083513783,False,4.0,0.0,0.0,3.0
820,1.2681582412695283,False,4.0,0.0,0.0,3.0
821,10.046865877587122,False,4.0,0.0,0.0,3.0
822,7.168112301757118,False,4.0,0.0,0.0,3.0
823,43.26233902651615,False,4.0,0.0,0.0,3.0
824,0.7503790567052635,False,4.0,0.0,0.0,3.0
825,52.68009985869029,False,4.0,0.0,0.0,3.0
826,2.780107842551343,False,4.0,0.0,0.0,3.0
827,6.041976238680322,False,4.0,0.0,0.0,3.0
828,28.30014949304768,False,4.0,0.0,0.0,3.0
829,3.520948777676953,True,4.0,0.0,0.0,3.0
830,5.016917408114388,False,4.0,1.0,0.0,3.0
831,80.17927872705194,False,4.0,1.0,0.0,3.0
832,11.036147436538403,False,4.0,1.0,0.0,3.0
833,11.78462442026847,False,4.0,1.0,0.0,3.0
834,11.731683239566562,False,4.0,1.0,0.0,3.0
835,12.009346642926408,False,4.0,1.0,0.0,3.0
836,28.118094457162453,False,4.0,1.0,0.0,3.0
837,5.683712981778723,False,4.0,1.0,0.0,3.0
838,21.19834288696824,False,4.0,1.0,0.0,3.0
839,5.434509597019888,False,4.0,1.0,0.0,3.0
840,30.653303943775732,False,4.0,1.0,0.0,3.0
841,12.821093529744315,False,4.0,1.0,0.0,3.0
842,3.841216859442431,False,4.0,1.0,0.0,3.0
843,5.760743799429251,False,4.0,1.0,0.0,3.0
844,15.305989349349012,False,4.0,1.0,0.0,3.0
845,2.9627041326826222,False,4.0,1.0,0.0,3.0
846,3.0740414432426273,False,4.0,1.0,0.0,3.0
847,2.550939717008869,False,4.0,1.0,0.0,3.0
848,0.013947870400886601,False,4.0,1.0,0.0,3.0
849,8.831389361190176,False,4.0,1.0,0.0,3.0
850,20.56797533797378,False,4.0,1.0,0.0,3.0
851,6.9468589089515245,False,4.0,1.0,0.0,3.0
852,19.935388119784935,False,4.0,1.0,0.0,3.0
853,6.752316670177319,False,4.0,1.0,0.0,3.0
854,5.407225119417552,False,4.0,1.0,0.0,3.0
855,5.1263063268762386,False,4.0,1.0,0.0,3.0
856,8.68158859165247,False,4.0,1.0,0.0,3.0
857,0.31740864641065547,False,4.0,1.0,0.0,3.0
858,19.280641998730474,False,4.0,1.0,0.0,3.0
859,28.134226153051515,False,4.0,1.0,0.0,3.0
860,17.890079234184533,False,4.0,1.0,0.0,3.0
861,55.459162913302414,False,4.0,1.0,0.0,3.0
862,5.575930313725866,False,4.0,1.0,0.0,3.0
863,4.957781772806542,False,4.0,1.0,0.0,3.0
864,1.7100287477537184,False,4.0,1.0,0.0,3.0
865,15.249053341539021,True,4.0,1.0,0.0,3.0
866,1.8764113043562765,False,4.0,1.0,1.0,3.0
867,13.782860306068132,False,4.0,1.0,1.0,3.0
868,7.526161271499768,False,4.0,1.0,1.0,3.0
869,32.00771325755771,False,4.0,1.0,1.0,3.0
870,0.6307062345434176,False,4.0,1.0,1.0,3.0
871,1.2337699699192703,False,4.0,1.0,1.0,3.0
872,14.418282563683276,False,4.0,1.0,1.0,3.0
873,51.668855947822706,False,4.0,1.0,1.0,3.0
874,4.007753821376159,False,4.0,1.0,1.0,3.0
875,7.165617143868076,False,4.0,1.0,1.0,3.0
876,4.350185209017402,False,4.0,1.0,1.0,3.0
877,16.591135209474047,False,4.0,1.0,1.0,3.0
878,1.1422129805698547,False,4.0,1.0,1.0,3.0
879,14.93680669326406,False,4.0,1.0,1.0,3.0
880,20.782821929544124,False,4.0,1.0,1.0,3.0
881,7.607547307056892,False,4.0,1.0,1.0,3.0
882,3.645124657166515,False,4.0,1.0,1.0,3.0
883,25.89917704659473,False,4.0,1.0,1.0,3.0
884,17.18100221464368,False,4.0,1.0,1.0,3.0
885,9.571660695997164,False,4.0,1.0,1.0,3.0
886,6.764499756681801,False,4.0,1.0,1.0,3.0
887,0.07267256975771283,False,4.0,1.0,1.0,3.0
888,1.7805290810450471,False,4.0,1.0,1.0,3.0
889,28.97736954076353,False,4.0,1.0,1.0,3.0
890,1.8532641553443878,False,4.0,1.0,1.0,3.0
891,7.755804183794648,False,4.0,1.0,1.0,3.0
892,1.0204792152308275,False,4.0,1.0,1.0,3.0
893,28.50219973278161,False,4.0,1.0,1.0,3.0
894,10.239499382092692,False,4.0,1.0,1.0,3.0
895,6.608179438159914,False,4.0,1.0,1.0,3.0
896,7.868543233160037,False,4.0,1.0,1.0,3.0
897,0.8078385345134245,False,4.0,1.0,1.0,3.0
898,15.662432639601283,False,4.0,1.0,1.0,3.0
899,11.942578961863779,False,4.0,1.0,1.0,3.0
900,84.36607412985583,False,4.0,1.0,1.0,3.0
901,15.021059593636307,False,4.0,1.0,1.0,3.0
902,5.93577004272088,False,4.0,1.0,1.0,3.0
903,8.795400044973073,True,4.0,1.0,1.0,3.0
904,500.0,True,4.0,0.0,0.0,4.0
905,500.0,True,4.0,1.0,0.0,4.0
906,500.0,True,4.0,1.0,1.0,4.0
907,37.7034229864392,False,4.0,0.0,0.0,5.0
908,9.091120930388243,False,4.0,0.0,0.0,5.0
909,52.95379456733105,False,4.0,0.0,0.0,5.0
910,0.7018017060291669,False,4.0,0.0,0.0,5.0
911,4.830060980295928,False,4.0,0.0,0.0,5.0
912,32.36931422129389,False,4.0,0.0,0.0,5.0
913,15.360687761206506,False,4.0,0.0,0.0,5.0
914,0.6973661394753194,False,4.0,0.0,0.0,5.0
915,15.761025171570973,False,4.0,0.0,0.0,5.0
916,1.943834363975081,False,4.0,0.0,0.0,5.0
917,14.082721002429928,False,4.0,0.0,0.0,5.0
918,51.9502990703915,False,4.0,0.0,0.0,5.0
919,32.87368328773804,False,4.0,0.0,0.0,5.0
920,0.8336744905307945,False,4.0,0.0,0.0,5.0
921,8.474278286307559,False,4.0,0.0,0.0,5.0
922,30.330412621770456,False,4.0,0.0,0.0,5.0
923,38.44573382034139,False,4.0,0.0,0.0,5.0
924,30.284585464668943,False,4.0,0.0,0.0,5.0
925,22.418288973252018,False,4.0,0.0,0.0,5.0
926,19.428653797622463,False,4.0,0.0,0.0,5.0
927,8.99776245120288,False,4.0,0.0,0.0,5.0
928,14.891960851840667,False,4.0,0.0,0.0,5.0
929,3.701947950538444,False,4.0,0.0,0.0,5.0
930,51.87356910335954,True,4.0,0.0,0.0,5.0
931,24.997955069444146,False,4.0,1.0,0.0,5.0
932,4.742852093531584,False,4.0,1.0,0.0,5.0
933,74.1738511221845,False,4.0,1.0,0.0,5.0
934,42.9790005632002,False,4.0,1.0,0.0,5.0
935,3.9594711894741064,False,4.0,1.0,0.0,5.0
936,77.28360686285359,False,4.0,1.0,0.0,5.0
937,29.763136163513835,False,4.0,1.0,0.0,5.0
938,58.03354046135467,False,4.0,1.0,0.0,5.0
939,12.104365201498288,False,4.0,1.0,0.0,5.0
940,9.200863887589602,False,4.0,1.0,0.0,5.0
941,41.661635371323015,False,4.0,1.0,0.0,5.0
942,70.09445343170216,False,4.0,1.0,0.0,5.0
943,19.287945184625592,False,4.0,1.0,0.0,5.0
944,31.71732339770476,True,4.0,1.0,0.0,5.0
945,65.67192748563427,False,4.0,1.0,1.0,5.0
946,70.05130826837079,False,4.0,1.0,1.0,5.0
947,3.2920972132496207,False,4.0,1.0,1.0,5.0
948,4.117736533047507,False,4.0,1.0,1.0,5.0
949,8.805974344833713,False,4.0,1.0,1.0,5.0
950,28.58807225706121,False,4.0,1.0,1.0,5.0
951,17.164714121726394,False,4.0,1.0,1.0,5.0
952,61.70008629984634,False,4.0,1.0,1.0,5.0
953,91.13296139038268,False,4.0,1.0,1.0,5.0
954,84.16890664545966,False,4.0,1.0,1.0,5.0
955,14.699815294562075,False,4.0,1.0,1.0,5.0
956,22.087166960308647,False,4.0,1.0,1.0,5.0
957,28.519233185516967,True,4.0,1.0,1.0,5.0
